start_frame,end_frame,start_s,end_s,duration_s,direction,median_radius,turn_deg,mean_speed,path_length,yaw_sign_ok,yaw_r
4,58,0.03333333333333333,0.48333333333333334,0.45,left,77.6218145692825,53.97358644384542,129.02581349470137,57.22119959755855,False,0.3311223096207202
121,200,1.0083333333333333,1.6666666666666667,0.6583333333333333,right,40.36541146318721,-114.5175720818239,87.91631280889212,57.10327692076846,True,0.08890362802632486
345,386,2.875,3.216666666666667,0.3416666666666667,right,60.00032702137523,-24.137783579960953,72.54667932703602,24.095753669839425,False,0.3148859247467153
521,568,4.341666666666667,4.733333333333333,0.39166666666666666,right,106.38513989762347,-32.74265221999214,129.61028623317438,49.87983489521077,True,-0.47823048642127125
755,818,6.291666666666667,6.816666666666666,0.525,left,32.886736956340314,127.88431216112167,114.93939441920841,59.42241015490173,True,0.6277826581846467
868,905,7.233333333333333,7.541666666666667,0.30833333333333335,left,90.41404180218466,14.847472354426838,81.63692354100539,24.612005570229332,True,-0.38291863756397654
969,1041,8.075,8.675,0.6,right,67.73875123870462,-63.06654983936062,92.02809294715546,54.57643144179228,True,-0.364905015673538
1912,1951,15.933333333333334,16.258333333333333,0.325,left,49.038409682991414,66.0493072282533,178.34648934529318,56.62425374873957,True,-0.4553511695089493
2086,2151,17.383333333333333,17.925,0.5416666666666666,right,38.287240472779494,-104.49878892312739,123.35476096119196,66.00205038129002,True,0.23122111516538596
2740,2790,22.833333333333332,23.25,0.4166666666666667,right,40.98007751562482,-72.3235168852256,108.03604696553577,44.210809611636755,True,-0.09908113567684701
2807,2850,23.391666666666666,23.75,0.35833333333333334,right,27.10911045794022,-88.10649703989996,95.4100981564637,33.32878891209974,True,0.3883464087235487
2908,2944,24.233333333333334,24.533333333333335,0.3,left,52.295358819462514,29.94663658018287,99.82283861388505,29.20438527253458,False,-0.7860637921903222
3174,3217,26.45,26.808333333333334,0.35833333333333334,right,83.77160426379854,-48.164337855735454,192.90536911138554,67.5418184364201,False,-0.048473226065767414
3240,3279,27.0,27.325,0.325,right,38.693300898661654,-69.47757361837046,163.44633852329903,51.54151005283854,True,-0.2921643183890945
3284,3339,27.366666666666667,27.825,0.4583333333333333,left,70.70734733569553,73.50017176374217,164.392320664916,73.98962883473938,True,-0.6501805639204233
3373,3466,28.108333333333334,28.883333333333333,0.775,left,47.310679159245936,89.94187557974475,98.9772796263524,76.03566432333368,True,-0.030208281655419493
3539,3578,29.491666666666667,29.816666666666666,0.325,right,111.00676139655349,-29.23764086711992,169.5828128859364,53.654767329939254,True,-0.6846617317802713
3660,3698,30.5,30.816666666666666,0.31666666666666665,left,40.23931141471192,74.26178098824393,161.4720618185136,49.58746474285038,True,-0.09092429754571613
3730,3810,31.083333333333332,31.75,0.6666666666666666,left,45.32494441807103,244.97339078511828,111.9484972600927,73.37720740334348,False,-0.20490812917622037
3826,3875,31.883333333333333,32.291666666666664,0.4083333333333333,left,126.39906472347359,31.455948342275885,167.6153053531051,67.13313091531576,False,0.780616440894663
4050,4088,33.75,34.06666666666667,0.31666666666666665,left,44.115729016400365,51.13259501934162,136.27992054352308,41.7720966907023,False,-0.5199631869064506
4176,4212,34.8,35.1,0.3,right,88.55999660244798,-34.57155046690012,190.52564877649397,55.56603829178552,False,-0.24550212734375595
4282,4329,35.68333333333333,36.075,0.39166666666666666,left,68.50623646704325,54.005630943325215,176.03541985418974,67.6719167144839,True,-0.28402370821006184
4370,4424,36.416666666666664,36.86666666666667,0.45,left,77.49328430899205,60.84904221759521,184.97239670356063,82.34787082281382,False,0.6764216979681416
4468,4547,37.233333333333334,37.891666666666666,0.6583333333333333,right,33.95663899337427,-116.7638197499085,92.89563974143451,60.25742258769407,True,-0.14886778697495792
4800,4854,40.0,40.45,0.45,left,38.62304444950501,57.79832026371133,81.12918174235838,35.915939337521685,False,0.08392525933914095
5066,5117,42.21666666666667,42.641666666666666,0.425,left,51.165548309388726,82.56109175049396,150.358775651452,62.753089247858505,True,0.4033173619408439
5180,5217,43.166666666666664,43.475,0.30833333333333335,right,69.76350619968407,-42.496548535580146,145.69647194211126,43.472263374865015,True,-0.19293872825113026
5280,5333,44.0,44.44166666666667,0.44166666666666665,right,35.067262257297344,-61.76454714649568,87.4472748022863,38.19319451511789,False,0.36952614060430883
5373,5415,44.775,45.125,0.35,right,37.719033407480154,-47.29079538961576,91.73669595595521,31.699234393785677,False,0.9324086894799819
5468,5508,45.56666666666667,45.9,0.3333333333333333,right,25.250076483849966,-78.39855407969202,117.79623154260062,38.69564337432946,False,-0.2667402799840189
6119,6182,50.99166666666667,51.516666666666666,0.525,right,52.810194621372275,-64.30817475658765,90.53571794249164,46.46356831209475,True,0.12634111054648364
6275,6349,52.291666666666664,52.90833333333333,0.6166666666666667,left,63.84111545786532,65.54126621867191,119.92485234954805,72.73992513833178,True,-0.4235230347176619
6360,6396,53.0,53.3,0.3,right,28.844748817271107,-37.85805443765854,81.37718353820648,23.854625378988718,False,0.03147589812085432
6562,6613,54.68333333333333,55.108333333333334,0.425,left,22.02940191161099,57.35979711286619,63.76989586197035,26.61597598833423,False,0.7891238952952573
6691,6732,55.75833333333333,56.1,0.3416666666666667,left,13.217612755016289,111.97027205448671,77.38197321206266,25.68850732292052,True,0.4437903269669962
6733,6771,56.108333333333334,56.425,0.31666666666666665,right,20.092775271954253,-73.36324159691594,86.16116178386697,26.630819404075975,False,-0.9389002287334645
6802,6862,56.68333333333333,57.18333333333333,0.5,right,71.82916199267466,-39.14386189570405,99.15386380620568,48.85389837304719,False,0.6808102308940378
6975,7011,58.125,58.425,0.3,right,60.25563300243325,-46.197768955277,174.57965085727423,50.84968792380721,True,-0.5030743205058209
7092,7159,59.1,59.65833333333333,0.5583333333333333,left,38.51037410220661,127.76856695147768,136.31178987820184,74.98522223552,True,0.5879762563443426
7163,7207,59.69166666666667,60.05833333333333,0.36666666666666664,right,14.064572677484113,-111.50996168960619,69.86080527927854,24.766537018643444,True,0.043740250341520154
7343,7396,61.19166666666667,61.63333333333333,0.44166666666666665,left,90.69055722723465,65.11312926776954,144.77200762105065,62.86971453164188,True,0.279128108521635
7398,7481,61.65,62.34166666666667,0.6916666666666667,right,63.826673406077816,-157.75599481077202,156.91198030564507,107.4181304034326,True,-0.30378562844754825
7958,8007,66.31666666666666,66.725,0.4083333333333333,left,94.60666968297058,34.2269949238737,152.81135436861422,61.209693106271914,True,-0.35676748523387475
8195,8232,68.29166666666667,68.6,0.30833333333333335,right,118.24123775976007,-24.382887453179936,100.48067753549718,30.30857280143343,False,-0.05275526675940416
8737,8789,72.80833333333334,73.24166666666666,0.43333333333333335,left,50.313872758939645,38.95827267561842,84.63443563150943,36.18263881338737,True,-0.3027834156238667
9178,9238,76.48333333333333,76.98333333333333,0.5,right,95.58847082357917,-30.702840684340835,106.56255945613921,52.5171032199086,True,0.008059636389524465
9286,9336,77.38333333333334,77.8,0.4166666666666667,right,79.0318686943462,-40.14674258718045,129.22457786152825,52.62457293011526,True,-0.010461849478761288
9349,9435,77.90833333333333,78.625,0.7166666666666667,right,64.41741066445705,-218.65961301056421,163.0793446928191,115.55418592569231,True,-0.10354541680898255
9518,9619,79.31666666666666,80.15833333333333,0.8416666666666667,left,80.17203867154615,61.786651699038735,103.94599120904306,86.54007488471244,True,-0.34534116563124145
9672,9718,80.6,80.98333333333333,0.38333333333333336,left,54.23045388686531,59.355048567094904,159.25937459753206,59.81946480101363,True,0.3571299888029094
9720,9763,81.0,81.35833333333333,0.35833333333333334,right,38.06422681457235,-95.42168417010625,105.77866186436871,36.726071950198516,True,0.2784259255717355
9806,9855,81.71666666666667,82.125,0.4083333333333333,right,80.26801664627567,-51.53643211887991,167.5804690243719,66.96916592164848,True,0.5258045062237215
10070,10118,83.91666666666667,84.31666666666666,0.4,left,40.35742997303309,80.74994618546518,160.32118449003514,62.62006283100917,True,-0.2638132621424074
10122,10158,84.35,84.65,0.3,right,56.21717656920382,-47.58591489002183,161.12940452986837,46.92509015024707,False,0.18475590267659797
10487,10547,87.39166666666667,87.89166666666667,0.5,right,49.132136866339934,-62.41558661790067,84.8517935153085,42.018314488475895,False,0.8652799889965884
10646,10683,88.71666666666667,89.025,0.30833333333333335,left,30.66112026113188,59.747683029279074,119.77887251126695,35.90604082959273,True,0.6117221977800567
10685,10764,89.04166666666667,89.7,0.6583333333333333,right,36.62209705884347,-121.61937981255801,108.88266199327455,70.98281881299029,False,0.49288222032445234
10766,10841,89.71666666666667,90.34166666666667,0.625,left,40.17167997820588,111.69068852256943,107.71294174216717,66.55823523935408,True,0.3639139715485654
10959,11019,91.325,91.825,0.5,right,67.07115177321774,-72.48546089211281,96.46566267223999,47.421285938708465,True,0.36924184165368173
11194,11231,93.28333333333333,93.59166666666667,0.30833333333333335,left,36.98095279486868,53.464196305088336,117.91174607995988,35.087691134025754,False,-0.38812453998421237
11430,11475,95.25,95.625,0.375,left,84.64887410889055,29.45274530146787,119.38105500654157,43.934728938646295,False,0.020204223594743963
11884,11950,99.03333333333333,99.58333333333333,0.55,left,99.14330187395024,40.31746002014051,126.68667812799173,69.2717868385221,True,0.2726608895849048
12602,12653,105.01666666666667,105.44166666666666,0.425,right,86.53836158459784,-22.777458935071373,81.42218255597192,34.162123719800114,True,0.14952224716078308
13064,13100,108.86666666666666,109.16666666666667,0.3,right,42.808418540163984,-53.109981469130204,137.20511067231905,40.060929897870025,True,-0.2464928506787328
13143,13206,109.525,110.05,0.525,right,64.57369169328067,-53.47243397418907,117.72499140413238,60.64616026602782,True,-0.07802602969428729
13385,13421,111.54166666666667,111.84166666666667,0.3,right,81.85459360571075,-34.119301182130876,171.60269530342333,50.05822819392686,True,0.4133644472841521
13457,13520,112.14166666666667,112.66666666666667,0.525,right,30.08298903952886,-101.95194070826396,102.4319658190182,52.863581516166505,True,-0.05816877493713047
13520,13633,112.66666666666667,113.60833333333333,0.9416666666666667,left,74.75014371129122,120.49398403385615,119.97162867807617,112.05140258207848,True,-0.21686765594315546
13722,13779,114.35,114.825,0.475,left,31.735232537299016,224.4015112607652,87.23357222392124,40.48591754875741,True,-0.19350024030337748
13796,13856,114.96666666666667,115.46666666666667,0.5,left,119.14988591031424,58.11174456165975,240.36658225064315,118.1085386946911,False,0.1682071128168098
14232,14284,118.6,119.03333333333333,0.43333333333333335,right,48.87763712970334,-86.68651588489672,153.36669742378422,65.19600037058689,True,-0.5097959593825455
14332,14399,119.43333333333334,119.99166666666666,0.5583333333333333,left,59.59656439239174,86.56417197125685,137.85032353389917,76.14892756573771,False,0.49177005608083324
14705,14747,122.54166666666667,122.89166666666667,0.35,right,16.492577410614746,-117.87608537233325,68.54976984795522,23.194570740155694,True,0.9302647013006946
14956,14992,124.63333333333334,124.93333333333334,0.3,right,61.804450350193655,-55.89205273298397,210.93356710042235,61.44517238907028,True,-0.34860185185817677
15119,15158,125.99166666666666,126.31666666666666,0.325,right,43.26578056170127,-59.90573662973463,134.31254050982926,42.620918155740895,False,0.37805373244423185
15489,15530,129.075,129.41666666666666,0.3416666666666667,left,27.390275687413396,142.36414166076628,142.67961058192247,47.174245687506996,True,-0.2554985358722385
15650,15689,130.41666666666666,130.74166666666667,0.325,left,19.71820212415923,64.0445623166996,62.18288180153913,19.48014125567915,True,0.025577847406159118
15691,15729,130.75833333333333,131.075,0.31666666666666665,right,107.76115904214808,-41.25742600904871,248.45921404721335,77.13043661717406,False,-0.45725359941021587
16249,16293,135.40833333333333,135.775,0.36666666666666664,left,33.62597042460311,111.81110836932812,158.20703571477887,56.036005680868264,True,0.07365165837309405
16413,16457,136.775,137.14166666666668,0.36666666666666664,left,44.7598143115941,98.01678968408702,146.95982219512697,52.32356927724763,True,-0.16991632831360945
16686,16773,139.05,139.775,0.725,right,58.23646512677122,-155.59996590606278,210.02709075886412,150.83759372566732,True,-0.24066128731422082
16781,16828,139.84166666666667,140.23333333333332,0.39166666666666666,left,69.69418885087958,69.97371368315815,218.36176646252247,84.12527917674748,True,-0.6715447140043623
17214,17270,143.45,143.91666666666666,0.4666666666666667,left,16.134956817690377,222.9154120821787,84.27723062056138,38.395221406333256,True,0.2516528901114467
17308,17361,144.23333333333332,144.675,0.44166666666666665,right,29.048181903466546,-214.86314336254088,107.14245912202387,45.94743064477194,True,-0.27934732754087965
18310,18350,152.58333333333334,152.91666666666666,0.3333333333333333,left,13.343214328393998,80.99208818605311,80.62567275120031,26.030554274719925,True,-0.5958871025730981
18364,18437,153.03333333333333,153.64166666666668,0.6083333333333333,right,49.07197301021698,-203.59668738407757,148.63310691871254,89.38315952529875,True,0.15183434435447005
18439,18476,153.65833333333333,153.96666666666667,0.30833333333333335,left,74.0570098669921,22.679794218802826,95.80007679080984,28.777633204730833,True,0.10964259178699445
18727,18783,156.05833333333334,156.525,0.4666666666666667,left,38.1104551343761,103.31155310703281,95.01896739311961,43.25570254020359,True,0.11367577957353135
19132,19193,159.43333333333334,159.94166666666666,0.5083333333333333,right,86.52547014113381,-64.25839515011434,175.8433968556619,88.60665680391207,True,-0.15740398306295653
19267,19321,160.55833333333334,161.00833333333333,0.45,left,12.963698862697402,104.34479239158364,75.18047544412765,32.883619263814055,False,0.09278719038847404
19382,19429,161.51666666666668,161.90833333333333,0.39166666666666666,right,102.94263878378824,-105.1239436864598,137.8290853854548,52.73773798748198,True,0.5789253890134078
19430,19469,161.91666666666666,162.24166666666667,0.325,left,20.96876752215557,106.44818556924285,146.6764601677065,46.41839558522858,False,-0.14283633807743726
19675,19722,163.95833333333334,164.35,0.39166666666666666,right,162.04112025744033,-40.53775000762398,254.50045541826353,97.80311524842965,True,-0.4778858668149012
19806,19842,165.05,165.35,0.3,right,96.48993694749782,-29.181899394728813,173.80082184359983,50.93669553445589,False,0.6326816873341128
19993,20031,166.60833333333332,166.925,0.31666666666666665,right,42.81850203590111,-77.18140741213777,194.67849242233262,59.87022977567233,False,0.6352339543101833
20068,20112,167.23333333333332,167.6,0.36666666666666664,right,40.33658165990534,-85.50258440561394,197.55279981350193,70.60552270780552,True,-0.37687059743052975
20152,20188,167.93333333333334,168.23333333333332,0.3,right,44.625094235282965,-51.583801902308316,163.85280825626157,48.05952138088045,True,0.14182376002914468
20385,20425,169.875,170.20833333333334,0.3333333333333333,right,131.94606857951032,-22.633255290253718,148.00688664479543,48.32616404655706,False,-0.3763524594624267
20615,20654,171.79166666666666,172.11666666666667,0.325,left,10.818338368039825,129.71989473047492,91.71175132575256,28.744410721913965,True,-0.3175053869277226
20885,20927,174.04166666666666,174.39166666666668,0.35,left,19.14622265332175,76.26550337862207,71.80669434407919,24.383175742261486,True,0.2934426545800353
20967,21048,174.725,175.4,0.675,left,21.735998318758305,232.0352146359411,99.4271071870688,66.70024702045936,True,0.06099486712781488
21063,21119,175.525,175.99166666666667,0.4666666666666667,right,16.40454218350848,-154.32275533530526,117.90850584182365,54.055476732715704,True,-0.029103245812914822
21127,21167,176.05833333333334,176.39166666666668,0.3333333333333333,left,20.39433117694935,118.90509587461979,130.4769572723729,42.069758147389656,False,0.40400701657392024
21550,21590,179.58333333333334,179.91666666666666,0.3333333333333333,left,21.963599758374254,114.44893104977342,64.59552131720508,20.740451937635825,True,-0.5952059205905053
